{"cameraMode":{"drawMode":0,"name":"Shaded","section":"Shading Mode"},"sceneLighting":true,"audioPlay":false,"sceneViewState":{"showFog":true,"showMaterialUpdate":false,"showSkybox":true,"showFlares":true,"showImageEffects":true,"showParticleSystems":true},"in2DMode":false,"pivot":{"x":0.0059733521193265919,"y":-0.12630289793014527,"z":-0.14111120998859406},"rotation":{"x":-0.7529589533805847,"y":0.03093608468770981,"z":-0.0354899987578392,"w":-0.6563926935195923},"size":1.5222406387329102,"orthographic":false}